{"cameraMode":{"drawMode":0,"name":"Shaded","section":"Shading Mode"},"sceneLighting":false,"audioPlay":false,"sceneViewState":{"m_AlwaysRefresh":false,"showFog":true,"showSkybox":false,"showFlares":true,"showImageEffects":true,"showParticleSystems":true,"showVisualEffectGraphs":true,"m_FxEnabled":true},"in2DMode":false,"pivot":{"x":1020.0239868164063,"y":49.550594329833987,"z":1049.1663818359375},"rotation":{"x":0.00904176663607359,"y":0.9650382399559021,"z":-0.035166408866643909,"w":0.259994775056839},"size":12.378849029541016,"orthographic":true}