{"cameraMode":{"drawMode":0,"name":"Shaded","section":"Shading Mode"},"sceneLighting":true,"audioPlay":false,"sceneViewState":{"m_AlwaysRefresh":false,"showFog":true,"showSkybox":true,"showFlares":true,"showImageEffects":true,"showParticleSystems":true,"showVisualEffectGraphs":true,"m_FxEnabled":true},"in2DMode":false,"pivot":{"x":248.51011657714845,"y":366.72320556640627,"z":0.7342149615287781},"rotation":{"x":-0.17933005094528199,"y":-0.0067908582277596,"z":0.001237940974533558,"w":-0.9837653040885925},"size":277.165771484375,"orthographic":false}