{"cameraMode":{"drawMode":0,"name":"Shaded","section":"Shading Mode"},"sceneLighting":false,"audioPlay":false,"sceneViewState":{"m_AlwaysRefresh":false,"showFog":true,"showSkybox":false,"showFlares":true,"showImageEffects":true,"showParticleSystems":true,"showVisualEffectGraphs":true,"m_FxEnabled":true},"in2DMode":false,"pivot":{"x":1012.1536254882813,"y":46.74400329589844,"z":1006.868896484375},"rotation":{"x":-0.004669120069593191,"y":0.9854415655136108,"z":-0.16895407438278199,"w":-0.024112947285175325},"size":2.6164286136627199,"orthographic":false}