{"cameraMode":{"drawMode":0,"name":"Shaded","section":"Shading Mode"},"sceneLighting":false,"audioPlay":false,"sceneViewState":{"m_AlwaysRefresh":false,"showFog":true,"showSkybox":false,"showFlares":true,"showImageEffects":true,"showParticleSystems":true,"showVisualEffectGraphs":true,"m_FxEnabled":true},"in2DMode":false,"pivot":{"x":999.9865112304688,"y":57.094825744628909,"z":1005.0919799804688},"rotation":{"x":-0.054958026856184009,"y":-0.9296475648880005,"z":0.15669770538806916,"w":-0.3291977345943451},"size":1.9752402305603028,"orthographic":true}