{"cameraMode":{"drawMode":0,"name":"Shaded","section":"Shading Mode"},"sceneLighting":false,"audioPlay":false,"sceneViewState":{"m_AlwaysRefresh":false,"showFog":true,"showSkybox":false,"showFlares":true,"showImageEffects":true,"showParticleSystems":true,"showVisualEffectGraphs":true,"m_FxEnabled":true},"in2DMode":false,"pivot":{"x":780.1461791992188,"y":166.5972900390625,"z":848.0806884765625},"rotation":{"x":0.012872421182692051,"y":-0.9876633286476135,"z":0.11034411936998368,"w":0.11115379631519318},"size":1.3113553524017335,"orthographic":true}