{"cameraMode":{"drawMode":0,"name":"Shaded","section":"Shading Mode"},"sceneLighting":true,"audioPlay":false,"sceneViewState":{"m_AlwaysRefresh":false,"showFog":true,"showSkybox":true,"showFlares":true,"showImageEffects":true,"showParticleSystems":true,"showVisualEffectGraphs":true,"m_FxEnabled":true},"in2DMode":false,"pivot":{"x":1017.0360107421875,"y":62.9107666015625,"z":989.3975219726563},"rotation":{"x":-0.028416002169251443,"y":-0.9607248902320862,"z":0.10893666744232178,"w":-0.25394314527511599},"size":12.124354362487793,"orthographic":true}