{"cameraMode":{"drawMode":0,"name":"Shaded","section":"Shading Mode"},"sceneLighting":true,"audioPlay":false,"sceneViewState":{"m_AlwaysRefresh":false,"showFog":true,"showSkybox":true,"showFlares":true,"showImageEffects":true,"showParticleSystems":true,"showVisualEffectGraphs":true,"m_FxEnabled":true},"in2DMode":false,"pivot":{"x":991.7250366210938,"y":60.02806091308594,"z":1003.1460571289063},"rotation":{"x":-0.10068132728338242,"y":-0.8967444896697998,"z":0.3364560604095459,"w":-0.26964324712753298},"size":4.5765581130981449,"orthographic":true}